L,H,window_id,model,regime,n_eval,RMSE,MAE,Directional_Accuracy
10,1,0,Random Walk,low_vol,60,0.01501809877213952,0.011042243329536626,0.016666666666666666
10,1,0,Random Walk,high_vol,210,0.03448519213793193,0.02218731516380727,0.004761904761904762
10,1,0,Historical Mean,low_vol,60,0.015457062992647012,0.011743023384154618,0.475
10,1,0,Historical Mean,high_vol,210,0.035766118736009433,0.02328858103727972,0.5178571428571429
10,1,0,AR Linear,low_vol,60,0.014995743030772205,0.011047679046179076,0.5
10,1,0,AR Linear,high_vol,210,0.034710977268439254,0.02249983343893669,0.5059523809523809
10,1,0,ARIMA,low_vol,60,0.015271118929067693,0.011309219314138284,0.44583333333333336
10,1,0,ARIMA,high_vol,210,0.03562996335963553,0.022926635231141794,0.5190476190476191
10,1,0,ARCH,low_vol,60,0.01497369430341949,0.01108755885624268,0.475
10,1,0,ARCH,high_vol,210,0.03448201410325232,0.02231029000205729,0.5119047619047619
10,1,0,GARCH,low_vol,60,0.015308234835887826,0.01159862224089597,0.475
10,1,0,GARCH,high_vol,210,0.036253797796726314,0.02368175310912557,0.5119047619047619
10,1,0,VAR,low_vol,60,0.015122912399535728,0.011230620251774872,0.43333333333333335
10,1,0,VAR,high_vol,210,0.034514346712424766,0.022298436622699418,0.5273809523809524
10,1,0,Ridge,low_vol,60,0.014666195714651276,0.010722430745175256,0.5708333333333333
10,1,0,Ridge,high_vol,210,0.03502727360105174,0.02252951204572387,0.5380952380952381
10,1,0,MLP,low_vol,60,0.12002307182798093,0.09145588262621304,0.5125
10,1,0,MLP,high_vol,210,0.3328129301224289,0.20465113471492247,0.5035714285714286
10,1,0,Random Forest,low_vol,60,0.015093713308821338,0.011145605470595722,0.5458333333333333
10,1,0,Random Forest,high_vol,210,0.03490236328425583,0.022216175328749976,0.5083333333333333
10,1,0,Diffusion,low_vol,60,0.01488251909632511,0.010992562695374731,0.5208333333333334
10,1,0,Diffusion,high_vol,210,0.03449663651784192,0.02226478413941508,0.4738095238095238
10,1,1,Random Walk,low_vol,76,0.015920545013895546,0.011913075636089364,0.006578947368421052
10,1,1,Random Walk,high_vol,194,0.017103686622015068,0.012841662010906557,0.007731958762886598
10,1,1,Historical Mean,low_vol,76,0.016707635320273577,0.012499713046488956,0.46710526315789475
10,1,1,Historical Mean,high_vol,194,0.018083251991690995,0.013662909432132738,0.5167525773195877
10,1,1,AR Linear,low_vol,76,0.01572565443169709,0.011823227498611965,0.5493421052631579
10,1,1,AR Linear,high_vol,194,0.017143276652338297,0.012752170107396033,0.5592783505154639
10,1,1,ARIMA,low_vol,76,0.018272019312279515,0.013602654644265789,0.5098684210526315
10,1,1,ARIMA,high_vol,194,0.02156961147989876,0.016097294704201064,0.4845360824742268
10,1,1,ARCH,low_vol,76,0.015777112401912985,0.011781485963901939,0.5394736842105263
10,1,1,ARCH,high_vol,194,0.017047211671302756,0.012760875031220429,0.5128865979381443
10,1,1,GARCH,low_vol,76,0.016357396144225815,0.01236193331349077,0.5394736842105263
10,1,1,GARCH,high_vol,194,0.01853927534431791,0.013914929268050595,0.5128865979381443
10,1,1,VAR,low_vol,76,0.015817549118884628,0.011791732788730375,0.5361842105263158
10,1,1,VAR,high_vol,194,0.01709097029059003,0.012800196599253107,0.5231958762886598
10,1,1,Ridge,low_vol,76,0.01562787348811223,0.011697503383370916,0.5460526315789473
10,1,1,Ridge,high_vol,194,0.017837814758587898,0.01346675764320731,0.5012886597938144
10,1,1,MLP,low_vol,76,0.062468622270367084,0.04728701865541959,0.4769736842105263
10,1,1,MLP,high_vol,194,0.08063654982389029,0.0608020085972578,0.49871134020618557
10,1,1,Random Forest,low_vol,76,0.01593142633756977,0.011906901330177085,0.5098684210526315
10,1,1,Random Forest,high_vol,194,0.01721265591458719,0.012850010739112076,0.5360824742268041
10,1,1,Diffusion,low_vol,76,0.015835307360821237,0.011968679755895134,0.506578947368421
10,1,1,Diffusion,high_vol,194,0.017144310863802713,0.012971795408487767,0.49226804123711343
10,1,2,Random Walk,low_vol,78,0.01579274288480038,0.011765794012555609,0.00641025641025641
10,1,2,Random Walk,high_vol,192,0.01820162718991959,0.013470378108520736,0.0078125
10,1,2,Historical Mean,low_vol,78,0.0165613449228971,0.012345983969620269,0.5160256410256411
10,1,2,Historical Mean,high_vol,192,0.01898326638625312,0.01426414220889519,0.5013020833333334
10,1,2,AR Linear,low_vol,78,0.015875635808541188,0.011834440766380763,0.5064102564102564
10,1,2,AR Linear,high_vol,192,0.018288708872392638,0.013572865244499974,0.515625
10,1,2,ARIMA,low_vol,78,0.017849689887092922,0.01347019265314731,0.5096153846153846
10,1,2,ARIMA,high_vol,192,0.02078394531125367,0.015808572319307754,0.4661458333333333
10,1,2,ARCH,low_vol,78,0.01592617568336555,0.011841584855890777,0.49038461538461536
10,1,2,ARCH,high_vol,192,0.018226668425892045,0.01347395468973097,0.5013020833333334
10,1,2,GARCH,low_vol,78,0.017242691908298607,0.012842798264826719,0.49038461538461536
10,1,2,GARCH,high_vol,192,0.019778850962285825,0.014664672923227989,0.5013020833333334
10,1,2,VAR,low_vol,78,0.01604477128002569,0.011942997905546104,0.5128205128205128
10,1,2,VAR,high_vol,192,0.018238817727294278,0.013488871482835474,0.53515625
10,1,2,Ridge,low_vol,78,0.015987466883944753,0.011852490289536978,0.5480769230769231
10,1,2,Ridge,high_vol,192,0.018721507550212298,0.014026393710972862,0.4986979166666667
10,1,2,MLP,low_vol,78,0.0650505928751391,0.048714786369467716,0.5064102564102564
10,1,2,MLP,high_vol,192,0.08209783210480534,0.05992265153693721,0.4856770833333333
10,1,2,Random Forest,low_vol,78,0.015821380790124476,0.011767522711291797,0.46474358974358976
10,1,2,Random Forest,high_vol,192,0.0183991913497171,0.0135836514178619,0.5078125
10,1,2,Diffusion,low_vol,78,0.015913955552834647,0.01183934168510402,0.47115384615384615
10,1,2,Diffusion,high_vol,192,0.018222116774225486,0.013491365339896477,0.4869791666666667
10,1,3,Random Walk,low_vol,40,0.015141639112447675,0.011799781780315068,0.0
10,1,3,Random Walk,high_vol,230,0.019936781348667495,0.015291700910654748,0.004347826086956522
10,1,3,Historical Mean,low_vol,40,0.015740440244961306,0.012646504289145911,0.49375
10,1,3,Historical Mean,high_vol,230,0.020827925073201737,0.016184647124278282,0.5076086956521739
10,1,3,AR Linear,low_vol,40,0.01558169525516068,0.012224371272902518,0.45
10,1,3,AR Linear,high_vol,230,0.02017126583222155,0.015551973544688617,0.4923913043478261
10,1,3,ARIMA,low_vol,40,0.016347178374916935,0.012941556053851553,0.53125
10,1,3,ARIMA,high_vol,230,0.021878070249766894,0.01723552371557791,0.4891304347826087
10,1,3,ARCH,low_vol,40,0.015397949938291203,0.012072718917530353,0.4625
10,1,3,ARCH,high_vol,230,0.02006492436228732,0.015418964955406808,0.5032608695652174
10,1,3,GARCH,low_vol,40,0.017109568825058964,0.013139048680705583,0.4625
10,1,3,GARCH,high_vol,230,0.02206817484881822,0.016842654876815015,0.5032608695652174
10,1,3,VAR,low_vol,40,0.015600693822440158,0.012259793926178219,0.475
10,1,3,VAR,high_vol,230,0.02006084181809592,0.015442185692574172,0.4934782608695652
10,1,3,Ridge,low_vol,40,0.015544838647413229,0.012108865140290232,0.425
10,1,3,Ridge,high_vol,230,0.020510508219465453,0.015826561509676082,0.4945652173913043
10,1,3,MLP,low_vol,40,0.042292716898885765,0.03210428349292716,0.475
10,1,3,MLP,high_vol,230,0.06233221920920347,0.047525829168787614,0.4989130434782609
10,1,3,Random Forest,low_vol,40,0.01507454332714595,0.011708889232364508,0.54375
10,1,3,Random Forest,high_vol,230,0.01989856806162632,0.015212605931009465,0.5271739130434783
10,1,3,Diffusion,low_vol,40,0.015229636376401597,0.011949139659811604,0.4625
10,1,3,Diffusion,high_vol,230,0.020252545656349225,0.015613313740731766,0.5054347826086957
10,1,4,Random Walk,low_vol,112,0.014738700579853508,0.011368343510789658,0.006696428571428571
10,1,4,Random Walk,high_vol,158,0.015656561026346553,0.012031204607305102,0.007911392405063292
10,1,4,Historical Mean,low_vol,112,0.01564748709410356,0.012240503792280755,0.45535714285714285
10,1,4,Historical Mean,high_vol,158,0.0164223727857821,0.012654447098537254,0.5205696202531646
10,1,4,AR Linear,low_vol,112,0.015054199703494347,0.011644811645957369,0.44642857142857145
10,1,4,AR Linear,high_vol,158,0.015710160785379786,0.011988398122952933,0.5300632911392406
10,1,4,ARIMA,low_vol,112,0.01624300229892585,0.01243866877770049,0.4732142857142857
10,1,4,ARIMA,high_vol,158,0.018520747298865697,0.013782636851073265,0.4936708860759494
10,1,4,ARCH,low_vol,112,0.014837781667814319,0.011457442928025734,0.5022321428571429
10,1,4,ARCH,high_vol,158,0.01566023056241972,0.01195450959013872,0.49050632911392406
10,1,4,GARCH,low_vol,112,0.01589158737339003,0.012105412782059002,0.5022321428571429
10,1,4,GARCH,high_vol,158,0.016798501139234083,0.012804317364544137,0.49050632911392406
10,1,4,VAR,low_vol,112,0.014898730840229147,0.01151032006411603,0.5044642857142857
10,1,4,VAR,high_vol,158,0.015703721498551787,0.01198136853059217,0.49050632911392406
10,1,4,Ridge,low_vol,112,0.01535466556916943,0.011933555112051901,0.5401785714285714
10,1,4,Ridge,high_vol,158,0.01570409842973237,0.0120243598977297,0.5126582278481012
10,1,4,MLP,low_vol,112,0.06399195257333024,0.03818497745876704,0.5044642857142857
10,1,4,MLP,high_vol,158,0.057899448351441014,0.038260308207986524,0.5268987341772152
10,1,4,Random Forest,low_vol,112,0.01472992111190858,0.011347209533022201,0.5401785714285714
10,1,4,Random Forest,high_vol,158,0.015534710518628694,0.01193416249129621,0.5158227848101266
10,1,4,Diffusion,low_vol,112,0.014733535758246487,0.01131283658776924,0.5178571428571429
10,1,4,Diffusion,high_vol,158,0.01561303175235033,0.011947073911223991,0.5474683544303798
10,5,0,Random Walk,low_vol,58,0.039492662072351,0.029283896585278874,0.0
10,5,0,Random Walk,high_vol,212,0.07752327418508481,0.05071301630685776,0.0
10,5,0,Historical Mean,low_vol,58,0.03959641292302373,0.02959113375255244,0.4827586206896552
10,5,0,Historical Mean,high_vol,212,0.07671067091684787,0.050584138950938405,0.5283018867924528
10,5,0,AR Linear,low_vol,58,0.03947554070349636,0.029152940807365402,0.5258620689655172
10,5,0,AR Linear,high_vol,212,0.07764445786739313,0.05075856607621303,0.5247641509433962
10,5,0,ARIMA,low_vol,58,0.039981353395268024,0.029666744413351674,0.4525862068965517
10,5,0,ARIMA,high_vol,212,0.07691327120560978,0.05057457132959558,0.5283018867924528
10,5,0,ARCH,low_vol,58,0.03940996776895224,0.029206901724425097,0.5344827586206896
10,5,0,ARCH,high_vol,212,0.07719649003800709,0.05067625224889928,0.5047169811320755
10,5,0,GARCH,low_vol,58,0.039342436665194505,0.02919229280073747,0.5344827586206896
10,5,0,GARCH,high_vol,212,0.07701584101614421,0.05104409128993072,0.5047169811320755
10,5,0,VAR,low_vol,58,0.039646147695006385,0.02934509759645683,0.47844827586206895
10,5,0,VAR,high_vol,212,0.0772983351910628,0.05075352843583373,0.5035377358490566
10,5,0,Ridge,low_vol,58,0.03896005948348079,0.02913544915563158,0.5732758620689655
10,5,0,Ridge,high_vol,212,0.07857015756794852,0.05078405571318326,0.5707547169811321
10,5,0,MLP,low_vol,58,0.11813023597753675,0.08491840316393431,0.47413793103448276
10,5,0,MLP,high_vol,212,0.2652446270642277,0.17364141165918506,0.4893867924528302
10,5,0,Random Forest,low_vol,58,0.03917174911227289,0.029112302509338106,0.5646551724137931
10,5,0,Random Forest,high_vol,212,0.07750072623863037,0.049858905112065234,0.5719339622641509
10,5,0,Diffusion,low_vol,58,0.03976870887077221,0.029445480181894194,0.4956896551724138
10,5,0,Diffusion,high_vol,212,0.07765733547750829,0.050061275593375254,0.5672169811320755
10,5,1,Random Walk,low_vol,76,0.03249667575996068,0.02560476898649093,0.0
10,5,1,Random Walk,high_vol,194,0.03967345103280067,0.030616378248025163,0.0
10,5,1,Historical Mean,low_vol,76,0.033465416786237386,0.026461990870647642,0.40131578947368424
10,5,1,Historical Mean,high_vol,194,0.03992961161672581,0.03067431605186739,0.5193298969072165
10,5,1,AR Linear,low_vol,76,0.032614967730153765,0.02570105602776998,0.5296052631578947
10,5,1,AR Linear,high_vol,194,0.03992759532742761,0.03079238660768931,0.5025773195876289
10,5,1,ARIMA,low_vol,76,0.033694841065632905,0.02614105546725992,0.5394736842105263
10,5,1,ARIMA,high_vol,194,0.04136006878942627,0.03207258937879092,0.5077319587628866
10,5,1,ARCH,low_vol,76,0.03250259897382642,0.025625505302929185,0.506578947368421
10,5,1,ARCH,high_vol,194,0.03961988699445414,0.030584654843188543,0.49355670103092786
10,5,1,GARCH,low_vol,76,0.033006879268386954,0.025980121001373317,0.506578947368421
10,5,1,GARCH,high_vol,194,0.04018730510321192,0.030960140274870217,0.49355670103092786
10,5,1,VAR,low_vol,76,0.032449214401813635,0.025663856103885697,0.506578947368421
10,5,1,VAR,high_vol,194,0.03980200258821878,0.030739901942585406,0.47680412371134023
10,5,1,Ridge,low_vol,76,0.03155992990429596,0.024494357977077594,0.6151315789473685
10,5,1,Ridge,high_vol,194,0.03927420150056817,0.030010015212362785,0.5850515463917526
10,5,1,MLP,low_vol,76,0.08850741243477504,0.06962642259271495,0.5427631578947368
10,5,1,MLP,high_vol,194,0.11243344148525353,0.09003654970559023,0.49355670103092786
10,5,1,Random Forest,low_vol,76,0.032383389310811694,0.02551405914139899,0.5427631578947368
10,5,1,Random Forest,high_vol,194,0.03971366792147964,0.030600584745771098,0.5541237113402062
10,5,1,Diffusion,low_vol,76,0.032294985019195206,0.026122686964996422,0.5394736842105263
10,5,1,Diffusion,high_vol,194,0.04113645054460946,0.031721984447864275,0.43427835051546393
10,5,2,Random Walk,low_vol,78,0.035994325020388934,0.027571116840460264,0.0
10,5,2,Random Walk,high_vol,192,0.04273861292122308,0.033499246098605724,0.0
10,5,2,Historical Mean,low_vol,78,0.036191915160800545,0.028001115563760465,0.44551282051282054
10,5,2,Historical Mean,high_vol,192,0.042468334043094524,0.03292898833019039,0.5611979166666666
10,5,2,AR Linear,low_vol,78,0.036192957108617634,0.027932628042872484,0.4519230769230769
10,5,2,AR Linear,high_vol,192,0.04261509053497631,0.03330799276752008,0.5377604166666666
10,5,2,ARIMA,low_vol,78,0.03685058237644714,0.028083247525616074,0.5416666666666666
10,5,2,ARIMA,high_vol,192,0.04401702284702877,0.034548668481785234,0.5052083333333334
10,5,2,ARCH,low_vol,78,0.03611439260088827,0.027753397875452755,0.46794871794871795
10,5,2,ARCH,high_vol,192,0.0426869852617178,0.0334793763264286,0.5091145833333334
10,5,2,GARCH,low_vol,78,0.036893764087070596,0.028422105847387354,0.46794871794871795
10,5,2,GARCH,high_vol,192,0.04318500641922654,0.033959271522627454,0.5091145833333334
10,5,2,VAR,low_vol,78,0.03628707580737954,0.02795131866869625,0.41346153846153844
10,5,2,VAR,high_vol,192,0.042622187346557795,0.03347527948361354,0.5182291666666666
10,5,2,Ridge,low_vol,78,0.035929959270983615,0.027050980446609977,0.5673076923076923
10,5,2,Ridge,high_vol,192,0.042996281074763665,0.03354158949825608,0.5481770833333334
10,5,2,MLP,low_vol,78,0.056457117494167895,0.04439689933182528,0.5
10,5,2,MLP,high_vol,192,0.09371138856549731,0.07344512577837167,0.5026041666666666
10,5,2,Random Forest,low_vol,78,0.036147063230125044,0.027622726848519914,0.5224358974358975
10,5,2,Random Forest,high_vol,192,0.04332524486492591,0.03406071530152759,0.5221354166666666
10,5,2,Diffusion,low_vol,78,0.03699127477240922,0.0279579517715708,0.5032051282051282
10,5,2,Diffusion,high_vol,192,0.04350955358490394,0.03401163000047483,0.4986979166666667
10,5,3,Random Walk,low_vol,39,0.03855990625684346,0.03019052625830884,0.0
10,5,3,Random Walk,high_vol,231,0.047221904992290245,0.03773161383623521,0.0
10,5,3,Historical Mean,low_vol,39,0.038295450555553244,0.03044516769743952,0.48717948717948717
10,5,3,Historical Mean,high_vol,231,0.04743402826214662,0.03768722349374628,0.512987012987013
10,5,3,AR Linear,low_vol,39,0.03846849063516589,0.030237720024712905,0.44871794871794873
10,5,3,AR Linear,high_vol,231,0.047221854904361815,0.037764606315910526,0.5075757575757576
10,5,3,ARIMA,low_vol,39,0.039709289460015576,0.03101296649091343,0.46153846153846156
10,5,3,ARIMA,high_vol,231,0.048386259520116055,0.03868550968032604,0.512987012987013
10,5,3,ARCH,low_vol,39,0.03867752986842265,0.03033410579788716,0.5128205128205128
10,5,3,ARCH,high_vol,231,0.04716216876719034,0.037788805286221444,0.47186147186147187
10,5,3,GARCH,low_vol,39,0.03944343249193433,0.03092564856019335,0.5128205128205128
10,5,3,GARCH,high_vol,231,0.0477081053257583,0.038315975339003355,0.47186147186147187
10,5,3,VAR,low_vol,39,0.03869197787699856,0.03038826617903298,0.46153846153846156
10,5,3,VAR,high_vol,231,0.04704270455204039,0.03768346917271698,0.5183982683982684
10,5,3,Ridge,low_vol,39,0.037538907236450106,0.029250698460432024,0.5769230769230769
10,5,3,Ridge,high_vol,231,0.048804692992294584,0.03910568975191145,0.4556277056277056
10,5,3,MLP,low_vol,39,0.04997948037668664,0.03913013184690889,0.48717948717948717
10,5,3,MLP,high_vol,231,0.07109271882388384,0.05611381914832568,0.48917748917748916
10,5,3,Random Forest,low_vol,39,0.038039780448634174,0.029815563236625934,0.6602564102564102
10,5,3,Random Forest,high_vol,231,0.04758113308636276,0.03819010901674163,0.49567099567099565
10,5,3,Diffusion,low_vol,39,0.04010248704869034,0.03103576102677834,0.4423076923076923
10,5,3,Diffusion,high_vol,231,0.050360175451472665,0.04041302002414445,0.43722943722943725
10,5,4,Random Walk,low_vol,111,0.036233089500067726,0.029025349550221693,0.0
10,5,4,Random Walk,high_vol,159,0.03458060355348104,0.027470378362941406,0.0
10,5,4,Historical Mean,low_vol,111,0.037037440560456776,0.029883986293254866,0.42117117117117114
10,5,4,Historical Mean,high_vol,159,0.03497866433366281,0.02754811590880477,0.529874213836478
10,5,4,AR Linear,low_vol,111,0.03644661038604737,0.02915699513422835,0.4774774774774775
10,5,4,AR Linear,high_vol,159,0.03458007877380299,0.027465739138494143,0.49056603773584906
10,5,4,ARIMA,low_vol,111,0.03688013776425633,0.02965113492816402,0.5247747747747747
10,5,4,ARIMA,high_vol,159,0.03631733606626677,0.028261336253343795,0.5062893081761006
10,5,4,ARCH,low_vol,111,0.036251935308912825,0.029067369146420913,0.5112612612612613
10,5,4,ARCH,high_vol,159,0.034524513189334874,0.027544236199230014,0.4638364779874214
10,5,4,GARCH,low_vol,111,0.03663748681280071,0.029412940815654542,0.5112612612612613
10,5,4,GARCH,high_vol,159,0.03489199902092851,0.02800735980126901,0.4638364779874214
10,5,4,VAR,low_vol,111,0.03627144853646712,0.029027338964356112,0.5337837837837838
10,5,4,VAR,high_vol,159,0.03449419548119291,0.02755235770671489,0.4827044025157233
10,5,4,Ridge,low_vol,111,0.037153893777607694,0.030106976684026843,0.5518018018018018
10,5,4,Ridge,high_vol,159,0.03565702242024888,0.028771713569232284,0.47641509433962265
10,5,4,MLP,low_vol,111,0.09002618737187067,0.05825803603235753,0.47297297297297297
10,5,4,MLP,high_vol,159,0.07282430155694625,0.054862892423083245,0.45754716981132076
10,5,4,Random Forest,low_vol,111,0.03614582834820259,0.028980753528292845,0.5
10,5,4,Random Forest,high_vol,159,0.035067895876017253,0.028207227167957098,0.4811320754716981
10,5,4,Diffusion,low_vol,111,0.035948577133975236,0.028787457005952387,0.5202702702702703
10,5,4,Diffusion,high_vol,159,0.035112336399833736,0.02812113786164833,0.4968553459119497
21,1,0,Random Walk,low_vol,58,0.015868854462080473,0.011781352417294725,0.02586206896551724
21,1,0,Random Walk,high_vol,211,0.034402314077820746,0.02208461737464918,0.0035545023696682463
21,1,0,Historical Mean,low_vol,58,0.016219900531123363,0.012233484756904497,0.47413793103448276
21,1,0,Historical Mean,high_vol,211,0.03520584448538318,0.022859846613272457,0.5284360189573459
21,1,0,AR Linear,low_vol,58,0.015927891300498764,0.011810758991618254,0.4870689655172414
21,1,0,AR Linear,high_vol,211,0.03464558684777439,0.02242025709569846,0.5082938388625592
21,1,0,ARIMA,low_vol,58,0.01605720495105704,0.012112767463449216,0.46551724137931033
21,1,0,ARIMA,high_vol,211,0.03556232483180972,0.022829543248354133,0.49644549763033174
21,1,0,ARCH,low_vol,58,0.015896560185018813,0.011859254799734306,0.45689655172413796
21,1,0,ARCH,high_vol,211,0.03439016834214059,0.022204656994899152,0.5130331753554502
21,1,0,GARCH,low_vol,58,0.016487220617324633,0.012459162313681136,0.45689655172413796
21,1,0,GARCH,high_vol,211,0.03612429292253008,0.0235655882251814,0.5130331753554502
21,1,0,VAR,low_vol,58,0.016109622729198515,0.01205444989448922,0.4482758620689655
21,1,0,VAR,high_vol,211,0.03442083475860492,0.022197307109968673,0.5177725118483413
21,1,0,Ridge,low_vol,58,0.016325434939150462,0.012156256380110305,0.47413793103448276
21,1,0,Ridge,high_vol,211,0.035938103173798794,0.02303310209746313,0.5165876777251185
21,1,0,MLP,low_vol,58,0.19696721186243255,0.14993615656263676,0.4482758620689655
21,1,0,MLP,high_vol,211,0.453870131599228,0.3083369842741172,0.5177725118483413
21,1,0,Random Forest,low_vol,58,0.015996517973247467,0.011864862887260116,0.46551724137931033
21,1,0,Random Forest,high_vol,211,0.034828070317670774,0.02213385919727727,0.523696682464455
21,1,0,Diffusion,low_vol,58,0.016079669723191133,0.012040110325486613,0.4525862068965517
21,1,0,Diffusion,high_vol,211,0.03444881724949595,0.022049655110998986,0.5272511848341233
21,1,1,Random Walk,low_vol,82,0.015442324368096047,0.011767286225850897,0.012195121951219513
21,1,1,Random Walk,high_vol,187,0.017284991018488342,0.012910483267948848,0.0053475935828877
21,1,1,Historical Mean,low_vol,82,0.015971205175745393,0.012120997406111743,0.49085365853658536
21,1,1,Historical Mean,high_vol,187,0.017444534963306443,0.01306708105088102,0.5548128342245989
21,1,1,AR Linear,low_vol,82,0.01528423331669508,0.011591519348014088,0.5548780487804879
21,1,1,AR Linear,high_vol,187,0.01732373634851896,0.012854406970078721,0.5548128342245989
21,1,1,ARIMA,low_vol,82,0.018334887831114647,0.01367415479849864,0.5121951219512195
21,1,1,ARIMA,high_vol,187,0.02142930337539024,0.016044169858755022,0.49064171122994654
21,1,1,ARCH,low_vol,82,0.015321958731530397,0.011606920562176017,0.5274390243902439
21,1,1,ARCH,high_vol,187,0.017225316926084498,0.012849957985950457,0.5147058823529411
21,1,1,GARCH,low_vol,82,0.01625136332984978,0.012239906034501523,0.5274390243902439
21,1,1,GARCH,high_vol,187,0.018617506908004282,0.01398578826364916,0.5147058823529411
21,1,1,VAR,low_vol,82,0.015467729091475393,0.011715852643730287,0.5457317073170732
21,1,1,VAR,high_vol,187,0.017231183146021966,0.0128482472021249,0.516042780748663
21,1,1,Ridge,low_vol,82,0.015854041956340166,0.012180347415562133,0.5182926829268293
21,1,1,Ridge,high_vol,187,0.01833144328779996,0.013873651902906443,0.48663101604278075
21,1,1,MLP,low_vol,82,0.14540989594205495,0.11383086546363562,0.524390243902439
21,1,1,MLP,high_vol,187,0.1891035261837152,0.1428135702187903,0.5213903743315508
21,1,1,Random Forest,low_vol,82,0.01544933958565877,0.011754318867659293,0.5335365853658537
21,1,1,Random Forest,high_vol,187,0.01744818447852754,0.013005320910559112,0.5320855614973262
21,1,1,Diffusion,low_vol,82,0.01546864897375356,0.011725548454893934,0.524390243902439
21,1,1,Diffusion,high_vol,187,0.017200648344943142,0.012792296185436716,0.5481283422459893
21,1,2,Random Walk,low_vol,101,0.016109600347624445,0.012118388734619744,0.009900990099009901
21,1,2,Random Walk,high_vol,168,0.018517206199074734,0.013650168981695179,0.005952380952380952
21,1,2,Historical Mean,low_vol,101,0.01665787611675204,0.012626891947629674,0.4801980198019802
21,1,2,Historical Mean,high_vol,168,0.0190885087726816,0.014136845416815737,0.49255952380952384
21,1,2,AR Linear,low_vol,101,0.01604343659351434,0.011962990398308023,0.5371287128712872
21,1,2,AR Linear,high_vol,168,0.01869338083284108,0.013902739063150208,0.5
21,1,2,ARIMA,low_vol,101,0.01873239075494225,0.014106870926815743,0.5173267326732673
21,1,2,ARIMA,high_vol,168,0.020836394971434677,0.015870482961746993,0.5029761904761905
21,1,2,ARCH,low_vol,101,0.01603585276326745,0.011951239479918984,0.5594059405940595
21,1,2,ARCH,high_vol,168,0.018637488972918597,0.013798243433389392,0.46130952380952384
21,1,2,GARCH,low_vol,101,0.017110246139233554,0.01262281227851178,0.5594059405940595
21,1,2,GARCH,high_vol,168,0.02035237711657509,0.015247983110924096,0.46130952380952384
21,1,2,VAR,low_vol,101,0.016216148526204698,0.012117410038528757,0.5396039603960396
21,1,2,VAR,high_vol,168,0.01861989537177302,0.013779154747799158,0.5163690476190477
21,1,2,Ridge,low_vol,101,0.016706449163132065,0.012725127602086566,0.5024752475247525
21,1,2,Ridge,high_vol,168,0.019261373885426723,0.01451827030143172,0.5059523809523809
21,1,2,MLP,low_vol,101,0.11075598291472018,0.08451300296771774,0.49504950495049505
21,1,2,MLP,high_vol,168,0.12167052892814909,0.09215095753746438,0.4895833333333333
21,1,2,Random Forest,low_vol,101,0.016197519636051386,0.012130462496756037,0.49257425742574257
21,1,2,Random Forest,high_vol,168,0.01868764445247718,0.013810950836670237,0.47767857142857145
21,1,2,Diffusion,low_vol,101,0.01625845857852542,0.012380884138706662,0.47277227722772275
21,1,2,Diffusion,high_vol,168,0.018682960629402962,0.013817046193805367,0.4880952380952381
21,1,3,Random Walk,low_vol,32,0.0163085647105131,0.012346976373196383,0.0
21,1,3,Random Walk,high_vol,237,0.01961998913236746,0.015036954687873812,0.004219409282700422
21,1,3,Historical Mean,low_vol,32,0.0168390591020641,0.012790135251832712,0.5234375
21,1,3,Historical Mean,high_vol,237,0.02016740154390854,0.015583066879596314,0.4831223628691983
21,1,3,AR Linear,low_vol,32,0.01652697087283015,0.012529265510037928,0.4609375
21,1,3,AR Linear,high_vol,237,0.019872486571492824,0.015322662710660958,0.4957805907172996
21,1,3,ARIMA,low_vol,32,0.017816237461065476,0.013850045423004895,0.5234375
21,1,3,ARIMA,high_vol,237,0.021485880043806933,0.01689895102687376,0.49683544303797467
21,1,3,ARCH,low_vol,32,0.01642020951796569,0.012339273895654543,0.5234375
21,1,3,ARCH,high_vol,237,0.019765520871253453,0.015209622003324503,0.4957805907172996
21,1,3,GARCH,low_vol,32,0.017877047010149173,0.013002695336499177,0.5234375
21,1,3,GARCH,high_vol,237,0.02178067381736024,0.016659969610409806,0.4957805907172996
21,1,3,VAR,low_vol,32,0.016615157071983924,0.012545747166653114,0.4609375
21,1,3,VAR,high_vol,237,0.01977002956098101,0.015232638693474411,0.4978902953586498
21,1,3,Ridge,low_vol,32,0.01705423453395744,0.012837304630553594,0.390625
21,1,3,Ridge,high_vol,237,0.020353099103503813,0.01575082129732245,0.47890295358649787
21,1,3,MLP,low_vol,32,0.09400295930426245,0.07383015270298365,0.4609375
21,1,3,MLP,high_vol,237,0.10626159502975223,0.08117623493257846,0.4989451476793249
21,1,3,Random Forest,low_vol,32,0.016441371431916603,0.01244860149581005,0.3984375
21,1,3,Random Forest,high_vol,237,0.019581915655558325,0.014979703034643002,0.5126582278481012
21,1,3,Diffusion,low_vol,32,0.016671182663869084,0.012449507376859795,0.5234375
21,1,3,Diffusion,high_vol,237,0.019811466640697127,0.01523496983011275,0.48945147679324896
21,1,4,Random Walk,low_vol,130,0.014744490356960495,0.011288868336557786,0.011538461538461539
21,1,4,Random Walk,high_vol,139,0.015786504751578424,0.012197416516049109,0.0035971223021582736
21,1,4,Historical Mean,low_vol,130,0.015123029345135486,0.011577683992972689,0.5134615384615384
21,1,4,Historical Mean,high_vol,139,0.01609300798520542,0.012450910076406547,0.5089928057553957
21,1,4,AR Linear,low_vol,130,0.01487897754667751,0.011391521168041843,0.49038461538461536
21,1,4,AR Linear,high_vol,139,0.015967019208062108,0.012284850736346043,0.4910071942446043
21,1,4,ARIMA,low_vol,130,0.016283872971096992,0.012484366658429938,0.46153846153846156
21,1,4,ARIMA,high_vol,139,0.01860174175146553,0.013846214948813561,0.4982014388489209
21,1,4,ARCH,low_vol,130,0.014728300962834413,0.011245569083004224,0.5096153846153846
21,1,4,ARCH,high_vol,139,0.015880089721354223,0.01222514853380145,0.4784172661870504
21,1,4,GARCH,low_vol,130,0.015522570389782614,0.011678808025540718,0.5096153846153846
21,1,4,GARCH,high_vol,139,0.01725908938587801,0.013309538185568725,0.4784172661870504
21,1,4,VAR,low_vol,130,0.01477460998376354,0.011260612552447438,0.49615384615384617
21,1,4,VAR,high_vol,139,0.01593197012286103,0.012284028479600948,0.49460431654676257
21,1,4,Ridge,low_vol,130,0.01521426649800966,0.011584569782091984,0.5423076923076923
21,1,4,Ridge,high_vol,139,0.01648875358565582,0.012636673991898788,0.5305755395683454
21,1,4,MLP,low_vol,130,0.09465113791696193,0.07221660820364252,0.4807692307692308
21,1,4,MLP,high_vol,139,0.10499368587027856,0.07943857481345099,0.512589928057554
21,1,4,Random Forest,low_vol,130,0.014692580213267721,0.01127598863274808,0.5173076923076924
21,1,4,Random Forest,high_vol,139,0.015798978417937443,0.012118958762832864,0.5269784172661871
21,1,4,Diffusion,low_vol,130,0.014830039058845515,0.01147981346781387,0.47884615384615387
21,1,4,Diffusion,high_vol,139,0.01604811187083978,0.012457611580811571,0.44064748201438847
21,5,0,Random Walk,low_vol,56,0.039443514971490116,0.029389030032389168,0.0
21,5,0,Random Walk,high_vol,212,0.07793014035829254,0.051425406261501584,0.0
21,5,0,Historical Mean,low_vol,56,0.03955355328165664,0.029610004002745785,0.47767857142857145
21,5,0,Historical Mean,high_vol,212,0.07789904050921993,0.05166670663043454,0.5306603773584906
21,5,0,AR Linear,low_vol,56,0.039493441861945845,0.02940899123663626,0.48660714285714285
21,5,0,AR Linear,high_vol,212,0.07796989168163317,0.05144084678011049,0.5330188679245284
21,5,0,ARIMA,low_vol,56,0.039653024599422465,0.029600950149741904,0.45982142857142855
21,5,0,ARIMA,high_vol,212,0.07738113991252257,0.05138370160626551,0.5247641509433962
21,5,0,ARCH,low_vol,56,0.039365221336384974,0.029383317584208254,0.48214285714285715
21,5,0,ARCH,high_vol,212,0.07760800517794085,0.05137290006003757,0.5153301886792453
21,5,0,GARCH,low_vol,56,0.039346972433628044,0.029526328459093774,0.48214285714285715
21,5,0,GARCH,high_vol,212,0.07744426542793532,0.051699742047412504,0.5153301886792453
21,5,0,VAR,low_vol,56,0.039608865096564416,0.029504207936853634,0.4642857142857143
21,5,0,VAR,high_vol,212,0.07770960585777026,0.05145395960728348,0.5094339622641509
21,5,0,Ridge,low_vol,56,0.03982984914897586,0.030064257497354203,0.5044642857142857
21,5,0,Ridge,high_vol,212,0.08220288598835318,0.05473707298733589,0.5507075471698113
21,5,0,MLP,low_vol,56,0.18318849926182934,0.13944490254319655,0.48214285714285715
21,5,0,MLP,high_vol,212,0.44167443430177505,0.2961388787422248,0.5035377358490566
21,5,0,Random Forest,low_vol,56,0.03978740590638253,0.02974200600509459,0.49107142857142855
21,5,0,Random Forest,high_vol,212,0.07794793361368484,0.05085871584327406,0.5613207547169812
21,5,0,Diffusion,low_vol,56,0.04102339756925916,0.03064426855145219,0.42857142857142855
21,5,0,Diffusion,high_vol,212,0.07828919665469238,0.050857951259169754,0.5589622641509434
21,5,1,Random Walk,low_vol,82,0.03300473426483074,0.026151176863360145,0.0
21,5,1,Random Walk,high_vol,186,0.03880297712388904,0.02972029084088001,0.0
21,5,1,Historical Mean,low_vol,82,0.03347203086454828,0.026358919749683546,0.5121951219512195
21,5,1,Historical Mean,high_vol,186,0.0383185096269192,0.029320536431846518,0.5873655913978495
21,5,1,AR Linear,low_vol,82,0.033457772261346753,0.02639708250262646,0.5030487804878049
21,5,1,AR Linear,high_vol,186,0.03900830073156455,0.02988333357678164,0.5080645161290323
21,5,1,ARIMA,low_vol,82,0.03467876680864451,0.027611735404015722,0.5060975609756098
21,5,1,ARIMA,high_vol,186,0.040593737512187644,0.031096204861506632,0.5188172043010753
21,5,1,ARCH,low_vol,82,0.03287207092921788,0.02605814984485034,0.524390243902439
21,5,1,ARCH,high_vol,186,0.03881290727469871,0.029748063559863706,0.4798387096774194
21,5,1,GARCH,low_vol,82,0.03308769322767444,0.026319224362384548,0.524390243902439
21,5,1,GARCH,high_vol,186,0.03954732509098423,0.030212026806605143,0.4798387096774194
21,5,1,VAR,low_vol,82,0.03293868932465102,0.026177555759169094,0.4878048780487805
21,5,1,VAR,high_vol,186,0.038985412277739745,0.029892209434217356,0.4731182795698925
21,5,1,Ridge,low_vol,82,0.033919557870959266,0.026663978823507645,0.5609756097560976
21,5,1,Ridge,high_vol,186,0.03805462283551456,0.028590810786342447,0.603494623655914
21,5,1,MLP,low_vol,82,0.15981109349839823,0.12001513996199788,0.5213414634146342
21,5,1,MLP,high_vol,186,0.15206598368408508,0.11212245729472986,0.5161290322580645
21,5,1,Random Forest,low_vol,82,0.03326250441762505,0.026408458282534783,0.5182926829268293
21,5,1,Random Forest,high_vol,186,0.03919542086545587,0.030035196540755604,0.4771505376344086
21,5,1,Diffusion,low_vol,82,0.03236567817521375,0.02535709409784838,0.5792682926829268
21,5,1,Diffusion,high_vol,186,0.037367931098881035,0.028272276693772896,0.6263440860215054
21,5,2,Random Walk,low_vol,101,0.03470698586112085,0.027549536919602956,0.0
21,5,2,Random Walk,high_vol,167,0.044482793264868634,0.03450936048904181,0.0
21,5,2,Historical Mean,low_vol,101,0.03495051761524298,0.027699144812423693,0.49504950495049505
21,5,2,Historical Mean,high_vol,167,0.04505683559960684,0.03468483518401118,0.48952095808383234
21,5,2,AR Linear,low_vol,101,0.03465860452578676,0.02755113138201332,0.5198019801980198
21,5,2,AR Linear,high_vol,167,0.044397735319687326,0.03441079100424782,0.5224550898203593
21,5,2,ARIMA,low_vol,101,0.03620844281502585,0.02852403730098413,0.504950495049505
21,5,2,ARIMA,high_vol,167,0.04548658331774113,0.0353648956022871,0.5164670658682635
21,5,2,ARCH,low_vol,101,0.034664894146693936,0.027526489848471423,0.5198019801980198
21,5,2,ARCH,high_vol,167,0.044475502567924964,0.034568621076433104,0.4805389221556886
21,5,2,GARCH,low_vol,101,0.03515113915535101,0.027831694940018803,0.5198019801980198
21,5,2,GARCH,high_vol,167,0.045053669572687235,0.035195017583185814,0.4805389221556886
21,5,2,VAR,low_vol,101,0.034849660831911204,0.027733294681660567,0.46534653465346537
21,5,2,VAR,high_vol,167,0.04436902727280361,0.03452535245444607,0.5059880239520959
21,5,2,Ridge,low_vol,101,0.035267485982399524,0.0277604070995308,0.5198019801980198
21,5,2,Ridge,high_vol,167,0.046636693301509574,0.03583313404412809,0.49101796407185627
21,5,2,MLP,low_vol,101,0.15868681424916484,0.12707171053165855,0.5024752475247525
21,5,2,MLP,high_vol,167,0.17317875944120958,0.13739675119735567,0.5059880239520959
21,5,2,Random Forest,low_vol,101,0.03516579159770666,0.028061446959948534,0.43316831683168316
21,5,2,Random Forest,high_vol,167,0.04534967273645373,0.035263933808067624,0.45209580838323354
21,5,2,Diffusion,low_vol,101,0.03428203397144089,0.026763906288334353,0.5915841584158416
21,5,2,Diffusion,high_vol,167,0.04485145447532515,0.034517767892092835,0.5583832335329342
21,5,3,Random Walk,low_vol,32,0.041411279116691076,0.032998726218027546,0.0
21,5,3,Random Walk,high_vol,236,0.04687057774281252,0.037416796150458946,0.0
21,5,3,Historical Mean,low_vol,32,0.041542462058387644,0.03318285098254278,0.5078125
21,5,3,Historical Mean,high_vol,236,0.047619513388974875,0.03781836625262477,0.4576271186440678
21,5,3,AR Linear,low_vol,32,0.04069124638008758,0.03242867279693039,0.578125
21,5,3,AR Linear,high_vol,236,0.046937269674268506,0.037515978378127555,0.4989406779661017
21,5,3,ARIMA,low_vol,32,0.04206069954833156,0.03278825788999578,0.5078125
21,5,3,ARIMA,high_vol,236,0.048025500753172114,0.03834175217107125,0.4957627118644068
21,5,3,ARCH,low_vol,32,0.041534512273347764,0.033118248045201915,0.5078125
21,5,3,ARCH,high_vol,236,0.04680749783054428,0.03747009572517729,0.4766949152542373
21,5,3,GARCH,low_vol,32,0.04236831319216614,0.03368959449975405,0.5078125
21,5,3,GARCH,high_vol,236,0.04733101922594871,0.03796443796238358,0.4766949152542373
21,5,3,VAR,low_vol,32,0.04147887478406801,0.033092505844012535,0.53125
21,5,3,VAR,high_vol,236,0.0467002168505876,0.03737420462074875,0.5084745762711864
21,5,3,Ridge,low_vol,32,0.041425278488203876,0.03254884520449221,0.5390625
21,5,3,Ridge,high_vol,236,0.05008783779334492,0.04010209814081297,0.4417372881355932
21,5,3,MLP,low_vol,32,0.10714891361039305,0.08390186166604496,0.5390625
21,5,3,MLP,high_vol,236,0.13809667829142777,0.10761972644380043,0.5074152542372882
21,5,3,Random Forest,low_vol,32,0.04150399265601923,0.03308653114662557,0.484375
21,5,3,Random Forest,high_vol,236,0.04723393078014723,0.03779967640129373,0.4830508474576271
21,5,3,Diffusion,low_vol,32,0.043027816261478925,0.03413188541728872,0.4296875
21,5,3,Diffusion,high_vol,236,0.04831190418816393,0.03854168825783014,0.4682203389830508
21,5,4,Random Walk,low_vol,126,0.033428120557395476,0.027091275728158774,0.0
21,5,4,Random Walk,high_vol,142,0.03679606240168555,0.028969216382265423,0.0
21,5,4,Historical Mean,low_vol,126,0.033684303994933745,0.027290923733423553,0.5218253968253969
21,5,4,Historical Mean,high_vol,142,0.037081807923104566,0.02900824597174257,0.5105633802816901
21,5,4,AR Linear,low_vol,126,0.0335498423156992,0.027150906921617257,0.4781746031746032
21,5,4,AR Linear,high_vol,142,0.036872758350767317,0.029031416889082184,0.48063380281690143
21,5,4,ARIMA,low_vol,126,0.03443805181895698,0.0276795385130831,0.501984126984127
21,5,4,ARIMA,high_vol,142,0.03833014903558765,0.029813978791533004,0.5035211267605634
21,5,4,ARCH,low_vol,126,0.03344347280985116,0.027133811881650524,0.501984126984127
21,5,4,ARCH,high_vol,142,0.03673959734803264,0.029049741052489066,0.47007042253521125
21,5,4,GARCH,low_vol,126,0.03387246471293592,0.027496844349128115,0.501984126984127
21,5,4,GARCH,high_vol,142,0.03707602115458005,0.029525002547415677,0.47007042253521125
21,5,4,VAR,low_vol,126,0.033486549934274766,0.02710379487767743,0.5178571428571429
21,5,4,VAR,high_vol,142,0.036681975890028806,0.029055859712442202,0.49119718309859156
21,5,4,Ridge,low_vol,126,0.0357648577449996,0.02852867051813088,0.5099206349206349
21,5,4,Ridge,high_vol,142,0.03808360987620524,0.030474146037324793,0.5140845070422535
21,5,4,MLP,low_vol,126,0.11338989197593287,0.08174106557760435,0.5158730158730159
21,5,4,MLP,high_vol,142,0.13050907828871783,0.09963233106285137,0.4735915492957746
21,5,4,Random Forest,low_vol,126,0.033522012331060884,0.027227333642788912,0.4880952380952381
21,5,4,Random Forest,high_vol,142,0.03712803196532104,0.029414840150035617,0.4630281690140845
21,5,4,Diffusion,low_vol,126,0.033756780842433595,0.027483545970757427,0.5119047619047619
21,5,4,Diffusion,high_vol,142,0.03637310630230185,0.02863060108705693,0.5721830985915493
42,1,0,Random Walk,low_vol,35,0.01721148116922436,0.013274089579240691,0.02857142857142857
42,1,0,Random Walk,high_vol,231,0.03332818878329122,0.021352075144895226,0.003246753246753247
42,1,0,Historical Mean,low_vol,35,0.01722793895412533,0.013268316879399996,0.5142857142857142
42,1,0,Historical Mean,high_vol,231,0.033625878843429075,0.02177380718514422,0.5140692640692641
42,1,0,AR Linear,low_vol,35,0.017210398664240803,0.013270470469732294,0.5071428571428571
42,1,0,AR Linear,high_vol,231,0.033587239007551645,0.021669241881096552,0.49783549783549785
42,1,0,ARIMA,low_vol,35,0.017606719046031595,0.01351931386932965,0.42142857142857143
42,1,0,ARIMA,high_vol,231,0.03435186203021123,0.02205296221599856,0.49783549783549785
42,1,0,ARCH,low_vol,35,0.017134418375223413,0.013205174538804256,0.4928571428571429
42,1,0,ARCH,high_vol,231,0.03331660947453957,0.021467398034284334,0.512987012987013
42,1,0,GARCH,low_vol,35,0.017677745762712437,0.013480831744950069,0.4928571428571429
42,1,0,GARCH,high_vol,231,0.03494310626898387,0.02279144288444277,0.512987012987013
42,1,0,VAR,low_vol,35,0.017038886744840047,0.013061827009317713,0.5571428571428572
42,1,0,VAR,high_vol,231,0.03337532043862981,0.021506271945913955,0.5097402597402597
42,1,0,Ridge,low_vol,35,0.016890335082284266,0.013057239514335553,0.5571428571428572
42,1,0,Ridge,high_vol,231,0.0356229717356913,0.023266201786653878,0.5324675324675324
42,1,0,MLP,low_vol,35,0.2433263826600672,0.1928283266142911,0.4928571428571429
42,1,0,MLP,high_vol,231,0.6616063366318399,0.481919820655499,0.47835497835497837
42,1,0,Random Forest,low_vol,35,0.017237516212637922,0.013255650772261193,0.55
42,1,0,Random Forest,high_vol,231,0.03360500393258781,0.02138398386054369,0.5151515151515151
42,1,0,Diffusion,low_vol,35,0.01760988053547606,0.013625632151217452,0.4357142857142857
42,1,0,Diffusion,high_vol,231,0.033466172629970266,0.02136628494177348,0.5173160173160173
42,1,1,Random Walk,low_vol,66,0.017564737412170003,0.012722503073159253,0.003787878787878788
42,1,1,Random Walk,high_vol,200,0.016244830310360326,0.012270884852246255,0.00875
42,1,1,Historical Mean,low_vol,66,0.017633202810859474,0.012680405140439239,0.5189393939393939
42,1,1,Historical Mean,high_vol,200,0.01643284887369587,0.012426907228221406,0.5225
42,1,1,AR Linear,low_vol,66,0.017412764558527475,0.01247964088263034,0.5643939393939394
42,1,1,AR Linear,high_vol,200,0.01626582303304006,0.012231610193776908,0.5425
42,1,1,ARIMA,low_vol,66,0.020540246760904376,0.015002275461732845,0.5037878787878788
42,1,1,ARIMA,high_vol,200,0.02014681720336856,0.015124310961090777,0.4925
42,1,1,ARCH,low_vol,66,0.017360091930209737,0.012466420953650255,0.5265151515151515
42,1,1,ARCH,high_vol,200,0.016205685433682254,0.012219005243271495,0.51
42,1,1,GARCH,low_vol,66,0.017988524337456943,0.013262077090773974,0.5265151515151515
42,1,1,GARCH,high_vol,200,0.017633056389879543,0.013265809900906152,0.51
42,1,1,VAR,low_vol,66,0.017454025403404204,0.012609798581157771,0.5151515151515151
42,1,1,VAR,high_vol,200,0.016245128512348436,0.012224887014886037,0.525
42,1,1,Ridge,low_vol,66,0.02013187133565223,0.015042652878074964,0.4659090909090909
42,1,1,Ridge,high_vol,200,0.017156067140266452,0.013063851456239577,0.53875
42,1,1,MLP,low_vol,66,0.25438953611653803,0.1914058608516218,0.5227272727272727
42,1,1,MLP,high_vol,200,0.2498055564629442,0.19483232937858538,0.4925
42,1,1,Random Forest,low_vol,66,0.017629082202480884,0.01275056848374373,0.49242424242424243
42,1,1,Random Forest,high_vol,200,0.01638832931062909,0.01235052209887574,0.5125
42,1,1,Diffusion,low_vol,66,0.01748204331722477,0.012708014405031158,0.5189393939393939
42,1,1,Diffusion,high_vol,200,0.01636882336568742,0.012406884811253644,0.4525
42,1,2,Random Walk,low_vol,78,0.017101487233460368,0.01212825724962329,0.009615384615384616
42,1,2,Random Walk,high_vol,188,0.018208231905153104,0.013684278731330133,0.007978723404255319
42,1,2,Historical Mean,low_vol,78,0.01728463244666405,0.01227598301748191,0.483974358974359
42,1,2,Historical Mean,high_vol,188,0.018352326337113128,0.013821691664733739,0.49601063829787234
42,1,2,AR Linear,low_vol,78,0.01701603002799353,0.011927273872852064,0.532051282051282
42,1,2,AR Linear,high_vol,188,0.018344116226802626,0.013909151568392737,0.5026595744680851
42,1,2,ARIMA,low_vol,78,0.01958283691688665,0.014182136281189158,0.4967948717948718
42,1,2,ARIMA,high_vol,188,0.020742304738354055,0.015948950942191918,0.4720744680851064
42,1,2,ARCH,low_vol,78,0.016975457163629446,0.011951271314559104,0.5416666666666666
42,1,2,ARCH,high_vol,188,0.01832702034160616,0.013801005472808317,0.48936170212765956
42,1,2,GARCH,low_vol,78,0.017732830154174043,0.012567417788802855,0.5416666666666666
42,1,2,GARCH,high_vol,188,0.020121598862462717,0.015191396709917667,0.48936170212765956
42,1,2,VAR,low_vol,78,0.017121846652842256,0.01211117605145738,0.5512820512820513
42,1,2,VAR,high_vol,188,0.018355121914589236,0.013823392368416823,0.5066489361702128
42,1,2,Ridge,low_vol,78,0.019308198515751576,0.014278494246463958,0.4583333333333333
42,1,2,Ridge,high_vol,188,0.018803785544526403,0.014225600534438915,0.5146276595744681
42,1,2,MLP,low_vol,78,0.2325874847177384,0.18367628257516477,0.4583333333333333
42,1,2,MLP,high_vol,188,0.2767627347029737,0.21346864940757088,0.46808510638297873
42,1,2,Random Forest,low_vol,78,0.017219228230261726,0.012188102076936425,0.4519230769230769
42,1,2,Random Forest,high_vol,188,0.01834147297178627,0.013812238260662833,0.46808510638297873
42,1,2,Diffusion,low_vol,78,0.017299902000609754,0.01234277526178748,0.48717948717948717
42,1,2,Diffusion,high_vol,188,0.01874030341049234,0.014195405625621856,0.488031914893617
42,1,3,Random Walk,high_vol,266,0.019229357138784868,0.014661752025743977,0.0037593984962406013
42,1,3,Historical Mean,high_vol,266,0.019530440241567585,0.014907827556557725,0.4849624060150376
42,1,3,AR Linear,high_vol,266,0.019484749126053996,0.014940489883837782,0.49624060150375937
42,1,3,ARIMA,high_vol,266,0.021079034500051008,0.01651492836523439,0.4924812030075188
42,1,3,ARCH,high_vol,266,0.0193632894773386,0.014804799725085645,0.5018796992481203
42,1,3,GARCH,high_vol,266,0.02127261804457424,0.01613029334376903,0.5018796992481203
42,1,3,VAR,high_vol,266,0.01939756749601966,0.014860865407987818,0.48966165413533835
42,1,3,Ridge,high_vol,266,0.020246038377267853,0.015621469604812838,0.4783834586466165
42,1,3,MLP,high_vol,266,0.1816869863286289,0.13975119423197319,0.4849624060150376
42,1,3,Random Forest,high_vol,266,0.019181765258450376,0.014612825784991932,0.5140977443609023
42,1,3,Diffusion,high_vol,266,0.01937732332760602,0.01484650695874513,0.4718045112781955
42,1,4,Random Walk,low_vol,122,0.014447562107845624,0.011253582681265067,0.012295081967213115
42,1,4,Random Walk,high_vol,144,0.01591430138934953,0.01214436491976939,0.003472222222222222
42,1,4,Historical Mean,low_vol,122,0.014715654297241941,0.011501104911895283,0.48770491803278687
42,1,4,Historical Mean,high_vol,144,0.016068579345278035,0.012157965937433396,0.5104166666666666
42,1,4,AR Linear,low_vol,122,0.014648094254630373,0.01142892399393516,0.4713114754098361
42,1,4,AR Linear,high_vol,144,0.01606685493967753,0.012191160251585243,0.5086805555555556
42,1,4,ARIMA,low_vol,122,0.0159269153027125,0.012362122199106318,0.45286885245901637
42,1,4,ARIMA,high_vol,144,0.018732929562388503,0.013819159747545221,0.515625
42,1,4,ARCH,low_vol,122,0.014472256491016236,0.011270239379742811,0.5
42,1,4,ARCH,high_vol,144,0.015984654234726142,0.012129069994132751,0.4878472222222222
42,1,4,GARCH,low_vol,122,0.015448213280493093,0.011923768596535381,0.5
42,1,4,GARCH,high_vol,144,0.017233542532265594,0.013028070134518635,0.4878472222222222
42,1,4,VAR,low_vol,122,0.014505063035242578,0.011293313026910291,0.48975409836065575
42,1,4,VAR,high_vol,144,0.016070155316877704,0.012193248121003279,0.4982638888888889
42,1,4,Ridge,low_vol,122,0.015687209960122475,0.012178245032334493,0.5163934426229508
42,1,4,Ridge,high_vol,144,0.017133017726437015,0.012961545079933051,0.5034722222222222
42,1,4,MLP,low_vol,122,0.223354345615645,0.1628258136188838,0.4979508196721312
42,1,4,MLP,high_vol,144,0.21849655836271578,0.16820606201580407,0.5277777777777778
42,1,4,Random Forest,low_vol,122,0.014457005849281392,0.011246744172461156,0.48770491803278687
42,1,4,Random Forest,high_vol,144,0.015849550517585284,0.012014200626509434,0.5295138888888888
42,1,4,Diffusion,low_vol,122,0.014440340406822844,0.011377752669788932,0.4672131147540984
42,1,4,Diffusion,high_vol,144,0.015885796177530786,0.012110000654061103,0.5017361111111112
42,5,0,Random Walk,low_vol,34,0.04393306245795824,0.03323132893435988,0.0
42,5,0,Random Walk,high_vol,232,0.07530792333002467,0.049552128935037354,0.0
42,5,0,Historical Mean,low_vol,34,0.043669295852701705,0.03309552723060195,0.5147058823529411
42,5,0,Historical Mean,high_vol,232,0.07506977675507397,0.04943794138455326,0.5495689655172413
42,5,0,AR Linear,low_vol,34,0.044351025558859294,0.033573387052545194,0.5
42,5,0,AR Linear,high_vol,232,0.07535095885874003,0.049495036487544115,0.5301724137931034
42,5,0,ARIMA,low_vol,34,0.043780596650088925,0.03317591361354656,0.5441176470588235
42,5,0,ARIMA,high_vol,232,0.07483250783852122,0.0496079156236117,0.48060344827586204
42,5,0,ARCH,low_vol,34,0.043714262389267435,0.03307359136299637,0.5073529411764706
42,5,0,ARCH,high_vol,232,0.07500575627862506,0.049505021647373484,0.5140086206896551
42,5,0,GARCH,low_vol,34,0.04337398368189798,0.03276333038889112,0.5073529411764706
42,5,0,GARCH,high_vol,232,0.0748570099452323,0.049821867831334896,0.5140086206896551
42,5,0,VAR,low_vol,34,0.043779734908227605,0.033042469388654544,0.4852941176470588
42,5,0,VAR,high_vol,232,0.0751257368532064,0.049608505657680775,0.5129310344827587
42,5,0,Ridge,low_vol,34,0.04336545947354181,0.03345728642406637,0.5
42,5,0,Ridge,high_vol,232,0.08262357102338276,0.054763566511471795,0.5689655172413793
42,5,0,MLP,low_vol,34,0.30239510349776805,0.2443638026984198,0.5294117647058824
42,5,0,MLP,high_vol,232,0.6414839326800749,0.45181692584375976,0.4795258620689655
42,5,0,Random Forest,low_vol,34,0.04371923326578796,0.03316679036737019,0.5367647058823529
42,5,0,Random Forest,high_vol,232,0.07553400785815687,0.04926970291526168,0.5732758620689655
42,5,0,Diffusion,low_vol,34,0.042231994402412695,0.031724585859909366,0.6176470588235294
42,5,0,Diffusion,high_vol,232,0.07583907251991531,0.048975741445992926,0.5754310344827587
42,5,1,Random Walk,low_vol,67,0.03615279644517233,0.027818327248738894,0.0
42,5,1,Random Walk,high_vol,199,0.03758885047987023,0.028927050827014328,0.0
42,5,1,Historical Mean,low_vol,67,0.03589039012017064,0.02766755095432235,0.5
42,5,1,Historical Mean,high_vol,199,0.03753995714912589,0.028754423546189643,0.5389447236180904
42,5,1,AR Linear,low_vol,67,0.03627066647743986,0.027910202951322877,0.5223880597014925
42,5,1,AR Linear,high_vol,199,0.037906325387328146,0.029154378925460498,0.48743718592964824
42,5,1,ARIMA,low_vol,67,0.03855897784831427,0.030090761367351962,0.41044776119402987
42,5,1,ARIMA,high_vol,199,0.038860375359768995,0.029887557832892778,0.5125628140703518
42,5,1,ARCH,low_vol,67,0.03603828588382469,0.027684305614685135,0.5708955223880597
42,5,1,ARCH,high_vol,199,0.03759788288895271,0.028978539325297738,0.46733668341708545
42,5,1,GARCH,low_vol,67,0.0362982846730879,0.027847346942417178,0.5708955223880597
42,5,1,GARCH,high_vol,199,0.038312041992445825,0.02949556648768543,0.46733668341708545
42,5,1,VAR,low_vol,67,0.03609003516411202,0.027743836976116574,0.5111940298507462
42,5,1,VAR,high_vol,199,0.03781553145680343,0.02918428037690201,0.45603015075376885
42,5,1,Ridge,low_vol,67,0.03907308572796933,0.029817996863059706,0.5
42,5,1,Ridge,high_vol,199,0.03805105601915439,0.028963013731737226,0.5577889447236181
42,5,1,MLP,low_vol,67,0.27778596777882725,0.2192381001316789,0.5
42,5,1,MLP,high_vol,199,0.23270197894414132,0.17924960070160484,0.5188442211055276
42,5,1,Random Forest,low_vol,67,0.036372071923309074,0.02820752341548899,0.503731343283582
42,5,1,Random Forest,high_vol,199,0.038063831326228016,0.02948131315025545,0.4748743718592965
42,5,1,Diffusion,low_vol,67,0.037485879411202946,0.02853529971472769,0.45149253731343286
42,5,1,Diffusion,high_vol,199,0.03612423492499484,0.027498381566892296,0.6319095477386935
42,5,2,Random Walk,low_vol,79,0.03415096278293257,0.027472301697621663,0.0
42,5,2,Random Walk,high_vol,187,0.04402759636855317,0.033970635216888645,0.0
42,5,2,Historical Mean,low_vol,79,0.03410687971677945,0.027434087064289375,0.46835443037974683
42,5,2,Historical Mean,high_vol,187,0.044069083005472236,0.03401144540068185,0.4879679144385027
42,5,2,AR Linear,low_vol,79,0.03444553337273126,0.027491885686231853,0.4873417721518987
42,5,2,AR Linear,high_vol,187,0.04388258825813082,0.03392222194390049,0.5227272727272727
42,5,2,ARIMA,low_vol,79,0.03585929010790579,0.02867893955815759,0.4873417721518987
42,5,2,ARIMA,high_vol,187,0.04496107421129661,0.03472825407710594,0.5013368983957219
42,5,2,ARCH,low_vol,79,0.03399069587682169,0.027343942358368623,0.5506329113924051
42,5,2,ARCH,high_vol,187,0.04405986050223121,0.03407515560329477,0.4799465240641711
42,5,2,GARCH,low_vol,79,0.03408308352695797,0.027340708674079825,0.5506329113924051
42,5,2,GARCH,high_vol,187,0.04478269984347662,0.034848654210507424,0.4799465240641711
42,5,2,VAR,low_vol,79,0.034094541159768364,0.02745662907300477,0.4936708860759494
42,5,2,VAR,high_vol,187,0.044014008052686786,0.034101956297166156,0.48128342245989303
42,5,2,Ridge,low_vol,79,0.03703508386447645,0.0289451224809405,0.5348101265822784
42,5,2,Ridge,high_vol,187,0.047804251546392174,0.036782938936349575,0.446524064171123
42,5,2,MLP,low_vol,79,0.2528351901415905,0.2010421401085975,0.5158227848101266
42,5,2,MLP,high_vol,187,0.25802509597852114,0.20082093094045392,0.4919786096256685
42,5,2,Random Forest,low_vol,79,0.03437226505853672,0.02760737103226873,0.5
42,5,2,Random Forest,high_vol,187,0.04498740161568184,0.034843929711755976,0.42379679144385024
42,5,2,Diffusion,low_vol,79,0.034978950206538593,0.027225124974964123,0.5474683544303798
42,5,2,Diffusion,high_vol,187,0.04550539435349705,0.035093922663398495,0.5213903743315508
42,5,3,Random Walk,high_vol,266,0.04635564230763784,0.036961427595140754,0.0
42,5,3,Historical Mean,high_vol,266,0.04675474497237648,0.03727309620232516,0.45300751879699247
42,5,3,AR Linear,high_vol,266,0.046341439163408216,0.03697387923057366,0.5093984962406015
42,5,3,ARIMA,high_vol,266,0.047320478491273375,0.03765721441548612,0.5056390977443609
42,5,3,ARCH,high_vol,266,0.04631248941420165,0.03702467933604351,0.48214285714285715
42,5,3,GARCH,high_vol,266,0.04686666483054212,0.037535694680957944,0.48214285714285715
42,5,3,VAR,high_vol,266,0.04620936086845845,0.03693512774442202,0.5084586466165414
42,5,3,Ridge,high_vol,266,0.04990764415339424,0.03976618951735192,0.4605263157894737
42,5,3,MLP,high_vol,266,0.19353525709248495,0.15192153825291055,0.49718045112781956
42,5,3,Random Forest,high_vol,266,0.04710023619649291,0.037839386920534214,0.44642857142857145
42,5,3,Diffusion,high_vol,266,0.04825953547619092,0.038444083257662034,0.45300751879699247
42,5,4,Random Walk,low_vol,118,0.03391399128371983,0.027311520887333803,0.0
42,5,4,Random Walk,high_vol,148,0.036404821972796986,0.028788675942341344,0.0
42,5,4,Historical Mean,low_vol,118,0.033883295878151656,0.027298050027841095,0.5233050847457628
42,5,4,Historical Mean,high_vol,148,0.03676886537805033,0.02894644672665673,0.48986486486486486
42,5,4,AR Linear,low_vol,118,0.03424647702860381,0.027569273771285468,0.4724576271186441
42,5,4,AR Linear,high_vol,148,0.036263786030072964,0.028636332113789062,0.5084459459459459
42,5,4,ARIMA,low_vol,118,0.03435445240285406,0.027645528705856844,0.5042372881355932
42,5,4,ARIMA,high_vol,148,0.037903205422038816,0.029496082429095866,0.5168918918918919
42,5,4,ARCH,low_vol,118,0.0339477863644557,0.02738922080794263,0.5
42,5,4,ARCH,high_vol,148,0.03633493376737246,0.028832365470302296,0.4797297297297297
42,5,4,GARCH,low_vol,118,0.034449556406920975,0.027853394154512774,0.5
42,5,4,GARCH,high_vol,148,0.03660761966650912,0.029204773177302756,0.4797297297297297
42,5,4,VAR,low_vol,118,0.03398707570967947,0.027380387915893326,0.5021186440677966
42,5,4,VAR,high_vol,148,0.03627869600483325,0.028816022657601567,0.4966216216216216
42,5,4,Ridge,low_vol,118,0.037349724627017265,0.03059058849133351,0.4830508474576271
42,5,4,Ridge,high_vol,148,0.03900513448470705,0.03125231007019452,0.5101351351351351
42,5,4,MLP,low_vol,118,0.19760188708533183,0.14167091079464703,0.5
42,5,4,MLP,high_vol,148,0.17788033745604112,0.13260547202505085,0.5016891891891891
42,5,4,Random Forest,low_vol,118,0.0339943469215169,0.02737654309068268,0.4724576271186441
42,5,4,Random Forest,high_vol,148,0.03689188737124792,0.02939818124733878,0.5067567567567568
42,5,4,Diffusion,low_vol,118,0.03348489727127018,0.027218835022296804,0.4851694915254237
42,5,4,Diffusion,high_vol,148,0.03616230557421919,0.028586847303117037,0.5489864864864865
